data_entrada,data_saida,tipo,preco_entrada,preco_saida,tamanho,pnl,pnl_pct,regime_entrada,motivo
2026-04-02 02:40:00,2026-04-02 03:15:00,COMPRA,1.099,1.104625,8644.222020018198,48.62374886260113,0.5118289353958014,NEUTRO,TAKE_PROFIT
2026-04-02 03:20:00,2026-04-02 04:55:00,COMPRA,1.102,1.0978214285714287,8662.606680053967,-36.197320770224906,-0.3791807103966751,NEUTRO,STOP_LOSS
2026-04-02 11:30:00,2026-04-02 11:35:00,COMPRA,1.071,1.0783928571428572,8881.237261146367,65.65771832347673,0.6902761104441967,NEUTRO,TAKE_PROFIT
2026-04-02 11:45:00,2026-04-02 12:20:00,COMPRA,1.071,1.0812857142857144,8939.477067315649,91.94890697810479,0.9603841536614748,NEUTRO,TAKE_PROFIT
2026-04-02 12:40:00,2026-04-02 14:10:00,COMPRA,1.084,1.09525,8912.851845686586,100.26958326397471,1.0378228782287886,NEUTRO,TAKE_PROFIT
2026-04-02 14:35:00,2026-04-02 15:35:00,COMPRA,1.096,1.0890357142857143,8902.178380314812,-61.99731372005044,-0.6354275286757125,NEUTRO,STOP_LOSS
2026-04-02 15:45:00,2026-04-02 16:30:00,COMPRA,1.1,1.0914285714285714,8816.263687991806,-75.56797446850214,-0.7792207792207889,BULLISH,STOP_LOSS
2026-04-02 17:30:00,2026-04-02 18:00:00,COMPRA,1.094,1.0889642857142858,8798.994955252203,-44.309224596090644,-0.4603029511621749,NEUTRO,STOP_LOSS
2026-04-02 19:05:00,2026-04-02 19:20:00,COMPRA,1.1,1.1102857142857143,8712.733379708749,89.61668619128977,0.9350649350649328,BULLISH,TAKE_PROFIT
2026-04-02 19:40:00,2026-04-02 19:55:00,COMPRA,1.111,1.1034285714285714,8703.098622467462,-65.89488957011054,-0.681496721100679,BULLISH,STOP_LOSS
2026-04-02 20:00:00,2026-04-02 21:35:00,COMPRA,1.108,1.1227857142857143,8670.164643023234,128.19457722184234,1.334450747808136,BULLISH,TAKE_PROFIT
2026-04-02 21:40:00,2026-04-02 22:05:00,COMPRA,1.121,1.1353571428571427,8678.258048912126,124.59499055937886,1.2807442334649939,BULLISH,TAKE_PROFIT
2026-04-02 22:20:00,2026-04-02 23:25:00,COMPRA,1.133,1.1171428571428572,8690.814222296474,-137.81148266784476,-1.3995713024839305,BULLISH,STOP_LOSS
2026-04-03 00:50:00,2026-04-03 01:25:00,COMPRA,1.114,1.1089642857142858,8721.518496703278,-43.91907528696902,-0.4520389843549519,NEUTRO,STOP_LOSS
2026-04-03 01:30:00,2026-04-03 01:55:00,COMPRA,1.115,1.1212678571428571,8676.276667089536,54.381662681222224,0.5621396540679083,NEUTRO,TAKE_PROFIT
2026-04-03 02:20:00,2026-04-03 02:30:00,COMPRA,1.121,1.1302142857142858,8675.92423135771,79.94244470322519,0.8219701796865103,BULLISH,TAKE_PROFIT
2026-04-03 03:35:00,2026-04-03 03:45:00,COMPRA,1.119,1.1255892857142857,8759.299719231507,57.717528507078896,0.588854844887015,NEUTRO,TAKE_PROFIT
2026-04-03 03:50:00,2026-04-03 04:10:00,COMPRA,1.124,1.1185714285714288,8769.117471442865,-47.603780559260485,-0.4829689883070586,BULLISH,STOP_LOSS
2026-04-03 04:45:00,2026-04-03 05:00:00,COMPRA,1.119,1.1255892857142857,8767.886011054945,57.77410603712997,0.588854844887017,NEUTRO,TAKE_PROFIT
2026-04-03 05:20:00,2026-04-03 06:15:00,COMPRA,1.127,1.1364285714285713,8754.347690422146,82.54099250969375,0.8366079350994978,BULLISH,TAKE_PROFIT
2026-04-03 06:20:00,2026-04-03 08:25:00,COMPRA,1.134,1.1440714285714284,8769.456604929424,88.32095580678833,0.888133030990165,BULLISH,TAKE_PROFIT
2026-04-03 08:35:00,2026-04-03 09:40:00,COMPRA,1.143,1.1357142857142857,8773.813384082603,-63.92349751260372,-0.6374203224597114,BULLISH,STOP_LOSS
2026-04-03 10:00:00,2026-04-03 10:45:00,COMPRA,1.138,1.1317857142857142,8758.999451115504,-54.43092516050274,-0.5460708009038339,NEUTRO,STOP_LOSS
2026-04-03 10:55:00,2026-04-03 11:10:00,COMPRA,1.134,1.1306785714285712,8744.296293180747,-29.04355554520953,-0.29289493575209924,NEUTRO,STOP_LOSS
2026-04-03 11:20:00,2026-04-03 11:55:00,COMPRA,1.133,1.1381428571428571,8727.661622858795,44.88511691755957,0.4539150170218137,NEUTRO,TAKE_PROFIT
2026-04-03 17:00:00,2026-04-03 17:25:00,COMPRA,1.122,1.1200714285714286,8851.231265392777,-17.070231726116617,-0.17188693659283882,NEUTRO,STOP_LOSS
2026-04-03 21:00:00,2026-04-03 21:15:00,COMPRA,1.118,1.1154285714285717,8868.394239383617,-22.80444232984155,-0.2300025555839304,NEUTRO,STOP_LOSS
2026-04-04 02:35:00,2026-04-04 02:45:00,COMPRA,1.11,1.1080714285714286,8912.793278754538,-17.188958466169424,-0.17374517374517331,NEUTRO,STOP_LOSS
2026-04-04 02:50:00,2026-04-04 03:10:00,COMPRA,1.109,1.10925,8906.105526487534,2.2265263816225342,0.02254283137962787,NEUTRO,STOP_LOSS
2026-04-04 03:15:00,2026-04-04 04:45:00,COMPRA,1.111,1.10875,8891.976803723868,-20.006947808378754,-0.20252025202520305,NEUTRO,STOP_LOSS
2026-04-04 05:35:00,2026-04-04 05:50:00,COMPRA,1.112,1.1096428571428572,8866.888155143215,-20.900522079980874,-0.21197327852004555,NEUTRO,STOP_LOSS
2026-04-04 06:00:00,2026-04-04 06:35:00,COMPRA,1.11,1.1135357142857145,8864.976695984931,31.3440247465187,0.3185328185328241,NEUTRO,TAKE_PROFIT
2026-04-04 06:55:00,2026-04-04 07:00:00,COMPRA,1.117,1.1208571428571428,8836.079638363894,34.082021462259945,0.34531269983373036,NEUTRO,TAKE_PROFIT
2026-04-04 07:20:00,2026-04-04 07:50:00,COMPRA,1.114,1.1185,8888.939745459258,40.00022885456565,0.40394973070016926,NEUTRO,TAKE_PROFIT
2026-04-04 07:55:00,2026-04-04 08:25:00,COMPRA,1.117,1.1124285714285713,8899.086028516967,-40.681536130363384,-0.4092594960992465,BULLISH,STOP_LOSS
2026-04-04 08:40:00,2026-04-04 09:00:00,COMPRA,1.114,1.1120714285714286,8888.358738356917,-17.141834709689647,-0.17312131315723298,NEUTRO,STOP_LOSS
2026-04-04 12:15:00,2026-04-04 12:25:00,COMPRA,1.106,1.102357142857143,8937.926665059133,-32.55958999414361,-0.32937225523120256,NEUTRO,STOP_LOSS
2026-04-04 12:40:00,2026-04-04 12:45:00,COMPRA,1.103,1.102,8934.193364515835,-8.934193364515522,-0.09066183136899048,NEUTRO,MUDANCA_REGIME
2026-04-04 14:35:00,2026-04-04 15:00:00,COMPRA,1.116,1.1111428571428572,8822.515947459387,-42.85222031623016,-0.43522785458268165,BULLISH,STOP_LOSS
2026-04-04 15:50:00,2026-04-04 16:05:00,COMPRA,1.112,1.1160178571428574,8817.642255453467,35.42802691923498,0.3613180883864571,NEUTRO,TAKE_PROFIT
2026-04-04 16:10:00,2026-04-04 16:35:00,COMPRA,1.117,1.1125714285714285,8808.303324653116,-39.00820043775093,-0.39647013684615845,BULLISH,STOP_LOSS
2026-04-04 16:45:00,2026-04-04 18:00:00,COMPRA,1.115,1.12275,8790.867285400598,68.12922146185338,0.6950672645739782,BULLISH,STOP_LOSS
2026-04-04 18:40:00,2026-04-04 19:35:00,COMPRA,1.123,1.1237499999999998,8785.876922182037,6.589407691633824,0.0667853962599904,BULLISH,STOP_LOSS
2026-04-04 20:20:00,2026-04-04 20:35:00,COMPRA,1.121,1.1182142857142858,8807.136236322463,-24.534165229753853,-0.24850261246334582,NEUTRO,STOP_LOSS
2026-04-04 20:40:00,2026-04-04 21:00:00,COMPRA,1.121,1.12075,8786.344570873518,-2.1965861427197524,-0.02230151650313615,NEUTRO,STOP_LOSS
2026-04-04 22:55:00,2026-04-05 00:20:00,COMPRA,1.119,1.114142857142857,8800.183652469732,-42.743749169139846,-0.4340610238733679,BULLISH,STOP_LOSS
2026-04-05 06:45:00,2026-04-05 07:30:00,COMPRA,1.099,1.097,8923.383935762464,-17.846767871524207,-0.18198362147406,NEUTRO,MUDANCA_REGIME
2026-04-05 10:55:00,2026-04-05 11:35:00,COMPRA,1.092,1.0916428571428571,8965.059080517398,-3.201806814469819,-0.03270538984824004,NEUTRO,STOP_LOSS
2026-04-05 12:35:00,2026-04-05 13:50:00,COMPRA,1.094,1.0898214285714287,8945.88921339237,-37.38103707024493,-0.3819535126664746,NEUTRO,STOP_LOSS
2026-04-05 16:20:00,2026-04-05 16:35:00,COMPRA,1.09,1.0879642857142857,8946.138361683046,-18.211781664855152,-0.18676277850590167,NEUTRO,STOP_LOSS
2026-04-05 19:45:00,2026-04-05 20:15:00,COMPRA,1.088,1.0947500000000001,8946.681637548629,60.39010105345369,0.6204044117647104,NEUTRO,TAKE_PROFIT
2026-04-05 20:50:00,2026-04-05 21:00:00,COMPRA,1.102,1.1127142857142858,8885.081867199355,95.19730571999207,0.9722582317863521,BULLISH,TAKE_PROFIT
2026-04-05 21:30:00,2026-04-05 22:10:00,COMPRA,1.108,1.1047500000000001,8918.589944122456,-28.985417318397594,-0.29332129963898523,BULLISH,STOP_LOSS
2026-04-05 22:25:00,2026-04-05 22:50:00,COMPRA,1.106,1.1005714285714288,8909.820534932373,-48.36759718963185,-0.49082924308963044,BULLISH,STOP_LOSS
2026-04-05 23:10:00,2026-04-06 00:10:00,COMPRA,1.11,1.1042857142857143,8836.317382256804,-50.49324218432412,-0.5148005148005099,BULLISH,STOP_LOSS
2026-04-06 01:35:00,2026-04-06 01:50:00,COMPRA,1.102,1.0995357142857143,8856.936219809388,-21.82602139881783,-0.22361939331088215,NEUTRO,STOP_LOSS
2026-04-06 02:20:00,2026-04-06 02:25:00,COMPRA,1.101,1.0985357142857142,8846.148041690345,-21.799436245593824,-0.22382249902685625,NEUTRO,STOP_LOSS
2026-04-06 04:15:00,2026-04-06 04:50:00,COMPRA,1.104,1.1106428571428573,8803.351023068619,58.47940322467184,0.6017080745341793,BULLISH,TAKE_PROFIT
2026-04-06 04:55:00,2026-04-06 05:15:00,COMPRA,1.108,1.1146428571428573,8821.71025499205,58.60136097959003,0.5995358432181535,BULLISH,TAKE_PROFIT
2026-04-06 05:30:00,2026-04-06 06:20:00,COMPRA,1.112,1.1184285714285715,8840.041596638312,56.828838835532224,0.578108941418296,BULLISH,TAKE_PROFIT
2026-04-06 06:25:00,2026-04-06 06:45:00,COMPRA,1.114,1.1219285714285716,8872.633440175547,70.34730798996497,0.7117209540908098,BULLISH,TAKE_PROFIT
2026-04-06 07:55:00,2026-04-06 08:15:00,COMPRA,1.127,1.1362142857142856,8829.586153456989,81.35832955685328,0.8175941183926947,BULLISH,TAKE_PROFIT
2026-04-06 08:20:00,2026-04-06 10:15:00,COMPRA,1.134,1.13425,8843.239865983278,2.2108099664965266,0.022045855379195768,BULLISH,STOP_LOSS
2026-04-06 10:55:00,2026-04-06 11:00:00,COMPRA,1.132,1.1272857142857142,8860.719326407429,-41.7719625387781,-0.4164563351842526,NEUTRO,STOP_LOSS
2026-04-06 11:10:00,2026-04-06 11:35:00,COMPRA,1.13,1.1243214285714285,8841.283993877318,-50.20586267951876,-0.5025284450063325,NEUTRO,STOP_LOSS
2026-04-06 13:00:00,2026-04-06 13:50:00,COMPRA,1.133,1.1295,8775.777002238152,-30.715219507834263,-0.3089143865842968,BULLISH,STOP_LOSS
2026-04-06 14:25:00,2026-04-06 15:00:00,COMPRA,1.128,1.1272857142857142,8788.808408690942,-6.277720291922378,-0.06332320162107676,NEUTRO,STOP_LOSS
2026-04-06 16:15:00,2026-04-06 16:45:00,COMPRA,1.123,1.1197857142857144,8822.628718366925,-28.35844945189274,-0.2862231268286382,NEUTRO,STOP_LOSS
2026-04-06 16:50:00,2026-04-06 17:25:00,COMPRA,1.122,1.1260178571428574,8806.48085895433,35.38318202258597,0.3580977845683891,NEUTRO,TAKE_PROFIT
2026-04-06 17:30:00,2026-04-06 17:55:00,COMPRA,1.127,1.1244285714285716,8797.236509909684,-22.621465311196516,-0.2281658004816852,BULLISH,STOP_LOSS
2026-04-06 19:10:00,2026-04-06 19:30:00,COMPRA,1.123,1.1217857142857144,8809.434687998733,-10.69717069257058,-0.10812873680194056,NEUTRO,STOP_LOSS
2026-04-06 22:40:00,2026-04-06 22:55:00,COMPRA,1.107,1.102607142857143,8927.581610175825,-39.21759064469916,-0.39682539682537876,NEUTRO,STOP_LOSS
2026-04-06 23:20:00,2026-04-06 23:45:00,COMPRA,1.11,1.1072857142857142,8869.888406623579,-24.075411389407236,-0.2445302445302484,NEUTRO,STOP_LOSS
2026-04-07 00:15:00,2026-04-07 01:05:00,COMPRA,1.112,1.1111785714285716,8833.367347600932,-7.255980321242532,-0.07386947584788202,NEUTRO,STOP_LOSS
2026-04-07 04:50:00,2026-04-07 05:35:00,COMPRA,1.112,1.1076071428571428,8827.16844354951,-38.776489948451854,-0.3950411099691902,NEUTRO,STOP_LOSS
2026-04-07 05:50:00,2026-04-07 06:05:00,COMPRA,1.109,1.114625,8817.830156696145,49.60029463141473,0.5072137060414675,NEUTRO,TAKE_PROFIT
2026-04-07 06:15:00,2026-04-07 06:55:00,COMPRA,1.115,1.1115714285714284,8812.64029029226,-30.214766709574178,-0.30749519538757936,NEUTRO,STOP_LOSS
2026-04-07 10:20:00,2026-04-07 11:00:00,COMPRA,1.099,1.09775,8914.822470702251,-11.143528088377934,-0.11373976342129331,NEUTRO,STOP_LOSS
2026-04-07 11:30:00,2026-04-07 11:40:00,COMPRA,1.1,1.097,8897.09413056165,-26.6912823916864,-0.2727272727272875,NEUTRO,MUDANCA_REGIME
2026-04-07 11:45:00,2026-04-07 11:55:00,COMPRA,1.099,1.095,8882.117220514754,-35.528468882059315,-0.3639672429481377,NEUTRO,MUDANCA_REGIME
2026-04-07 14:35:00,2026-04-07 15:30:00,COMPRA,1.098,1.096,8859.467012666444,-17.71893402533351,-0.1821493624772377,NEUTRO,STOP_LOSS
2026-04-07 17:40:00,2026-04-07 17:50:00,COMPRA,1.088,1.082,8925.42444171295,-53.55254665027678,-0.5514705882352846,NEUTRO,STOP_LOSS
2026-04-07 20:55:00,2026-04-07 21:25:00,COMPRA,1.148,1.137142857142857,8414.622711904118,-91.35876087210272,-0.9457441513190732,BULLISH,STOP_LOSS
2026-04-07 22:05:00,2026-04-07 22:45:00,COMPRA,1.14,1.1499642857142856,8397.540395120554,83.67549179423622,0.8740601503759323,NEUTRO,TAKE_PROFIT
2026-04-07 23:15:00,2026-04-07 23:40:00,COMPRA,1.153,1.1442857142857144,8371.802053462232,-72.95427503731298,-0.7557923429562553,BULLISH,STOP_LOSS
2026-04-07 23:50:00,2026-04-08 02:35:00,COMPRA,1.15,1.1628571428571428,8333.374962049138,107.14339236920387,1.1180124223602554,BULLISH,TAKE_PROFIT
2026-04-08 02:40:00,2026-04-08 03:05:00,COMPRA,1.16,1.1525714285714286,8349.282266471768,-62.02323969378995,-0.6403940886699474,BULLISH,STOP_LOSS
2026-04-08 03:50:00,2026-04-08 05:10:00,COMPRA,1.153,1.14775,8348.868474759887,-43.83155949248976,-0.45533391153512937,NEUTRO,STOP_LOSS
2026-04-08 06:00:00,2026-04-08 06:25:00,COMPRA,1.147,1.1422857142857143,8356.238334682026,-39.39369500635803,-0.41101008842944226,NEUTRO,STOP_LOSS
2026-04-08 06:50:00,2026-04-08 07:15:00,COMPRA,1.143,1.139357142857143,8352.739597221562,-30.4278371041637,-0.3187101612298404,NEUTRO,STOP_LOSS
2026-04-08 08:15:00,2026-04-08 08:20:00,COMPRA,1.139,1.1364285714285713,8356.694393656971,-21.48864272654646,-0.22576194656967227,NEUTRO,STOP_LOSS
2026-04-08 10:05:00,2026-04-08 10:20:00,COMPRA,1.141,1.1365,8324.154867471578,-37.458696903622695,-0.3943908851884374,NEUTRO,STOP_LOSS
2026-04-08 10:25:00,2026-04-08 10:45:00,COMPRA,1.14,1.133142857142857,8300.241176953183,-56.91593949910748,-0.6015037593984957,BULLISH,STOP_LOSS
2026-04-08 12:55:00,2026-04-08 13:05:00,COMPRA,1.129,1.1231071428571429,8333.219485564638,-49.1064719685055,-0.5219536884727276,NEUTRO,STOP_LOSS
2026-04-08 14:05:00,2026-04-08 15:35:00,COMPRA,1.125,1.119,8321.38102296213,-49.928286137772375,-0.533333333333329,NEUTRO,MUDANCA_REGIME
2026-04-08 17:15:00,2026-04-08 17:20:00,COMPRA,1.119,1.117,8323.611956212255,-16.647223912423215,-0.17873100983019166,NEUTRO,MUDANCA_REGIME
2026-04-08 17:30:00,2026-04-08 18:00:00,COMPRA,1.119,1.117,8309.478924293753,-16.618957848588252,-0.17873100983021356,NEUTRO,MUDANCA_REGIME
2026-04-08 18:10:00,2026-04-08 18:25:00,COMPRA,1.12,1.122642857142857,8287.963309221921,21.903903031512527,0.23596938775507456,NEUTRO,STOP_LOSS
2026-04-08 18:35:00,2026-04-08 19:00:00,COMPRA,1.122,1.1185714285714288,8291.735841540542,-28.428808599566764,-0.30557677616500273,NEUTRO,STOP_LOSS
2026-04-08 23:15:00,2026-04-08 23:25:00,COMPRA,1.1,1.0953928571428573,8433.01840548991,-38.85212051100643,-0.4188311688311619,NEUTRO,STOP_LOSS
2026-04-08 23:35:00,2026-04-08 23:55:00,COMPRA,1.095,1.10175,8437.818019683511,56.95527163286533,0.6164383561644013,NEUTRO,TAKE_PROFIT
2026-04-09 00:20:00,2026-04-09 01:35:00,COMPRA,1.107,1.114232142857143,8395.228762063836,60.71549372564186,0.6533101045296342,NEUTRO,TAKE_PROFIT
2026-04-09 01:40:00,2026-04-09 01:50:00,COMPRA,1.114,1.1098214285714287,8394.253104707384,-35.07598618752672,-0.37509617850730353,NEUTRO,STOP_LOSS
2026-04-09 02:20:00,2026-04-09 03:05:00,COMPRA,1.11,1.1154642857142858,8394.482677266553,45.86985177220777,0.49227799227800567,NEUTRO,TAKE_PROFIT
2026-04-09 03:15:00,2026-04-09 03:20:00,COMPRA,1.114,1.1111071428571428,8403.457927243691,-24.31000328952723,-0.2596819697358387,NEUTRO,STOP_LOSS
2026-04-09 03:25:00,2026-04-09 04:10:00,COMPRA,1.115,1.1196607142857145,8375.20863482011,39.03445453014683,0.41800128123001407,NEUTRO,TAKE_PROFIT
2026-04-09 04:15:00,2026-04-09 04:50:00,COMPRA,1.116,1.110857142857143,8400.932221888943,-43.204794283999945,-0.46082949308755405,BULLISH,STOP_LOSS
2026-04-09 05:40:00,2026-04-09 05:50:00,COMPRA,1.115,1.111357142857143,8371.655430545527,-30.49674478270208,-0.3267136450993009,NEUTRO,STOP_LOSS
2026-04-09 05:55:00,2026-04-09 06:00:00,COMPRA,1.114,1.11,8353.163283226835,-33.41265313290751,-0.35906642728905025,NEUTRO,MUDANCA_REGIME
2026-04-09 06:10:00,2026-04-09 06:55:00,COMPRA,1.115,1.1212678571428571,8317.203477164514,52.131043222942026,0.562139654067907,NEUTRO,TAKE_PROFIT
2026-04-09 07:15:00,2026-04-09 07:35:00,COMPRA,1.117,1.1115714285714284,8346.64849427057,-45.310377540326954,-0.48599565161786473,BULLISH,STOP_LOSS
2026-04-09 07:40:00,2026-04-09 08:35:00,COMPRA,1.116,1.111607142857143,8315.556908097595,-36.5290535605709,-0.39362519201228147,NEUTRO,STOP_LOSS
2026-04-09 11:45:00,2026-04-09 12:10:00,COMPRA,1.107,1.1129464285714286,8351.814732208106,49.663469746879855,0.5371660859465683,NEUTRO,TAKE_PROFIT
2026-04-09 12:15:00,2026-04-09 12:30:00,COMPRA,1.111,1.1180714285714286,8364.211705503069,59.14692563177232,0.6364922206506431,NEUTRO,TAKE_PROFIT
2026-04-09 12:55:00,2026-04-09 14:30:00,COMPRA,1.12,1.1185,8347.16855728937,-12.520752835933308,-0.13392857142856346,BULLISH,STOP_LOSS
2026-04-09 15:25:00,2026-04-09 15:50:00,COMPRA,1.12,1.1165714285714285,8336.548275866031,-28.5824512315412,-0.3061224489795974,NEUTRO,STOP_LOSS
2026-04-09 16:05:00,2026-04-09 16:15:00,COMPRA,1.12,1.116357142857143,8312.304232410708,-30.280536846637915,-0.32525510204080454,NEUTRO,STOP_LOSS
2026-04-09 17:15:00,2026-04-09 18:10:00,COMPRA,1.129,1.1388571428571428,8220.56176288369,81.03125166270911,0.8730861698089166,BULLISH,TAKE_PROFIT
2026-04-09 18:25:00,2026-04-09 19:15:00,COMPRA,1.139,1.1501428571428571,8215.973590320686,91.5494200064295,0.9783017684685708,BULLISH,TAKE_PROFIT
2026-04-09 19:20:00,2026-04-09 20:10:00,COMPRA,1.15,1.1437142857142857,8213.013798592496,-51.62465816258009,-0.5465838509316632,BULLISH,STOP_LOSS
2026-04-09 21:30:00,2026-04-09 22:20:00,COMPRA,1.134,1.1273571428571427,8285.645893409981,-55.04036200622431,-0.5857898715041665,NEUTRO,STOP_LOSS
2026-04-09 23:40:00,2026-04-09 23:50:00,COMPRA,1.132,1.1279285714285714,8254.093727227037,-33.60595303228001,-0.35966683493183665,NEUTRO,STOP_LOSS
2026-04-10 01:35:00,2026-04-10 02:05:00,COMPRA,1.129,1.124607142857143,8247.748843082672,-36.23118241782868,-0.3890927495887769,NEUTRO,STOP_LOSS
2026-04-10 06:15:00,2026-04-10 06:25:00,COMPRA,1.121,1.116607142857143,8275.904389423195,-36.354865710680315,-0.39186950426914585,NEUTRO,STOP_LOSS
2026-04-10 06:30:00,2026-04-10 08:55:00,COMPRA,1.121,1.118,8245.095181193805,-24.735285543580176,-0.2676181980374532,NEUTRO,MUDANCA_REGIME
2026-04-10 09:50:00,2026-04-10 12:40:00,COMPRA,1.134,1.1365,8129.852889640084,20.32463222410115,0.22045855379189735,BULLISH,STOP_LOSS
2026-04-10 13:10:00,2026-04-10 13:20:00,COMPRA,1.138,1.1332857142857142,8118.2439169286035,-38.271721322664234,-0.41426060758223326,NEUTRO,STOP_LOSS
2026-04-10 13:50:00,2026-04-10 14:00:00,COMPRA,1.133,1.1290357142857141,8121.980090210256,-32.19784964333485,-0.3498928256209955,NEUTRO,STOP_LOSS
2026-04-10 15:40:00,2026-04-10 16:05:00,COMPRA,1.13,1.1359464285714285,8116.473880572612,48.26403218269115,0.5262326169405864,NEUTRO,TAKE_PROFIT
2026-04-10 16:25:00,2026-04-10 21:45:00,COMPRA,1.133,1.1274285714285714,8135.451293575117,-45.32608577848987,-0.49174126844029675,BULLISH,STOP_LOSS
2026-04-10 22:05:00,2026-04-10 22:10:00,COMPRA,1.13,1.1273214285714284,8118.9438355141965,-21.747170987986465,-0.23704171934262622,NEUTRO,STOP_LOSS
2026-04-10 23:20:00,2026-04-10 23:40:00,COMPRA,1.129,1.126,8107.835891667364,-24.323507675002475,-0.2657218777679404,NEUTRO,MUDANCA_REGIME
2026-04-11 01:45:00,2026-04-11 02:05:00,COMPRA,1.127,1.125,8101.720842414554,-16.20344168482916,-0.17746228926353208,NEUTRO,MUDANCA_REGIME
2026-04-11 04:40:00,2026-04-11 05:05:00,COMPRA,1.124,1.1214285714285714,8109.649572776347,-20.853384615711548,-0.22877478393493658,NEUTRO,STOP_LOSS
2026-04-11 05:10:00,2026-04-11 05:30:00,COMPRA,1.125,1.122107142857143,8084.831470591723,-23.388262468495668,-0.2571428571428372,NEUTRO,STOP_LOSS
2026-04-11 11:05:00,2026-04-11 12:00:00,COMPRA,1.114,1.111,8144.718631122636,-24.43415589336837,-0.2692998204667914,NEUTRO,MUDANCA_REGIME
2026-04-11 12:15:00,2026-04-11 13:10:00,COMPRA,1.116,1.1201785714285717,8109.322676498133,33.88538404108294,0.3744239631336566,NEUTRO,TAKE_PROFIT
2026-04-11 13:30:00,2026-04-11 13:40:00,COMPRA,1.121,1.1251785714285714,8101.869064951782,33.85423859283401,0.37275391869504026,NEUTRO,TAKE_PROFIT
2026-04-11 13:55:00,2026-04-11 14:15:00,COMPRA,1.125,1.1207142857142858,8101.650443088124,-34.721359041805044,-0.3809523809523678,BULLISH,STOP_LOSS
2026-04-11 14:20:00,2026-04-11 15:10:00,COMPRA,1.124,1.12225,8079.511972761943,-14.13914595233473,-0.15569395017795057,BULLISH,STOP_LOSS
2026-04-11 15:35:00,2026-04-11 16:25:00,COMPRA,1.132,1.1377857142857142,8010.5470571817195,46.34673654512335,0.511105502271586,BULLISH,TAKE_PROFIT
2026-04-11 16:35:00,2026-04-11 17:30:00,COMPRA,1.136,1.13125,8021.099179971456,-38.10022110486352,-0.41813380281689166,BULLISH,STOP_LOSS
2026-04-11 17:45:00,2026-04-11 18:00:00,COMPRA,1.134,1.1304642857142857,8003.3275647248265,-28.297479603848842,-0.31179138321995853,NEUTRO,STOP_LOSS
2026-04-11 18:10:00,2026-04-11 19:15:00,COMPRA,1.132,1.1373035714285713,7993.7198346062705,42.39526412282248,0.46851337708228113,NEUTRO,TAKE_PROFIT
2026-04-11 19:20:00,2026-04-11 19:30:00,COMPRA,1.137,1.133857142857143,7993.98975698415,-25.123967807663576,-0.2764166352556755,BULLISH,STOP_LOSS
2026-04-11 20:20:00,2026-04-11 21:00:00,COMPRA,1.126,1.121392857142857,8050.886842161367,-37.09158580852818,-0.4091601116467795,NEUTRO,STOP_LOSS
2026-04-11 22:00:00,2026-04-11 22:30:00,COMPRA,1.126,1.1225714285714286,8019.5928754490205,-27.495747001537893,-0.3044912458766633,NEUTRO,STOP_LOSS
2026-04-12 02:45:00,2026-04-12 03:05:00,COMPRA,1.096,1.099857142857143,8215.274286591364,31.68748653399598,0.35192909280501317,NEUTRO,TAKE_PROFIT
2026-04-12 05:20:00,2026-04-12 06:30:00,COMPRA,1.096,1.1001785714285715,8242.740629846196,34.442880488999435,0.38125651720541415,NEUTRO,TAKE_PROFIT
2026-04-12 06:35:00,2026-04-12 06:40:00,COMPRA,1.1,1.0981785714285714,8242.513151614528,-15.013148954725693,-0.1655844155844071,NEUTRO,STOP_LOSS
2026-04-12 09:30:00,2026-04-12 09:35:00,COMPRA,1.095,1.0983571428571428,8267.125091569855,27.753919950269847,0.3065883887801654,NEUTRO,STOP_LOSS
2026-04-12 14:35:00,2026-04-12 14:40:00,COMPRA,1.092,1.0901785714285714,8313.981867419183,-15.143324115657379,-0.16679748822607077,NEUTRO,STOP_LOSS
2026-04-12 14:45:00,2026-04-12 14:50:00,COMPRA,1.092,1.0927142857142857,8300.807730139077,5.929148378671016,0.0654107796964967,NEUTRO,STOP_LOSS
2026-04-12 15:05:00,2026-04-12 15:15:00,COMPRA,1.095,1.092,8283.209801161287,-24.84962940348305,-0.2739726027397171,NEUTRO,STOP_LOSS
2026-04-12 17:55:00,2026-04-12 18:10:00,COMPRA,1.088,1.0847857142857145,8314.804765016821,-26.726158173267322,-0.29543067226889613,NEUTRO,STOP_LOSS
2026-04-12 21:05:00,2026-04-12 22:00:00,COMPRA,1.081,1.0792857142857142,8345.159791002496,-14.30598821314743,-0.15858332232060587,NEUTRO,STOP_LOSS
2026-04-12 22:15:00,2026-04-12 23:10:00,COMPRA,1.082,1.081357142857143,8324.88636346692,-5.351712662230057,-0.059413783997902175,NEUTRO,STOP_LOSS
2026-04-13 03:05:00,2026-04-13 03:35:00,COMPRA,1.074,1.0693928571428573,8382.162866147197,-38.61782177617715,-0.42897047086990103,NEUTRO,STOP_LOSS
2026-04-13 06:20:00,2026-04-13 06:45:00,COMPRA,1.069,1.0736607142857142,8387.049567403856,39.08964173379172,0.43598824001067704,NEUTRO,TAKE_PROFIT
2026-04-13 07:05:00,2026-04-13 07:10:00,COMPRA,1.073,1.073214285714286,8390.392495062277,1.797941248943971,0.019970709625904862,NEUTRO,STOP_LOSS
2026-04-13 07:15:00,2026-04-13 08:00:00,COMPRA,1.075,1.0708214285714286,8376.371340826343,-35.00126595988149,-0.38870431893687696,NEUTRO,STOP_LOSS
2026-04-13 08:15:00,2026-04-13 09:20:00,COMPRA,1.074,1.0701428571428573,8353.210417808596,-32.21952589726243,-0.35913806863528314,NEUTRO,STOP_LOSS
2026-04-13 09:45:00,2026-04-13 10:00:00,COMPRA,1.077,1.0735714285714286,8301.522227598916,-28.462361923195203,-0.3183446080381893,NEUTRO,STOP_LOSS
2026-04-13 10:50:00,2026-04-13 12:30:00,COMPRA,1.077,1.0765,8276.416151622096,-4.138208075810326,-0.046425255338896264,NEUTRO,STOP_LOSS
2026-04-13 14:00:00,2026-04-13 14:05:00,COMPRA,1.076,1.073,8280.454365822468,-24.841363097470094,-0.27881040892196324,NEUTRO,MUDANCA_REGIME
2026-04-13 16:20:00,2026-04-13 16:40:00,COMPRA,1.076,1.0808214285714286,8258.521935578421,39.81787361796705,0.4480881571959601,NEUTRO,TAKE_PROFIT
2026-04-13 17:05:00,2026-04-13 17:10:00,COMPRA,1.082,1.0770000000000002,8247.686305563262,-41.2384315278141,-0.4621072088724336,BULLISH,STOP_LOSS
2026-04-13 18:05:00,2026-04-13 18:35:00,COMPRA,1.079,1.0845714285714285,8234.309613223379,45.876867845103334,0.516351118760776,BULLISH,TAKE_PROFIT
2026-04-13 20:55:00,2026-04-13 21:10:00,COMPRA,1.124,1.1387857142857145,7943.419125552378,117.44912564209699,1.3154550076258384,BULLISH,TAKE_PROFIT
2026-04-13 21:15:00,2026-04-13 21:30:00,COMPRA,1.132,1.1212857142857142,7985.847850248116,-85.56265553837329,-0.9464916708733032,BULLISH,STOP_LOSS
2026-04-13 22:50:00,2026-04-14 02:45:00,COMPRA,1.132,1.1306785714285714,7914.041734734464,-10.457840863755337,-0.11673397274102963,BULLISH,STOP_LOSS
2026-04-14 03:50:00,2026-04-14 03:55:00,COMPRA,1.127,1.124107142857143,7940.33744001672,-22.970261880047474,-0.25668652554188376,NEUTRO,STOP_LOSS
2026-04-14 04:40:00,2026-04-14 05:10:00,COMPRA,1.12,1.1165714285714288,7970.48084474357,-27.327362896261548,-0.30612244897956803,NEUTRO,STOP_LOSS
2026-04-14 05:30:00,2026-04-14 05:35:00,COMPRA,1.121,1.1248571428571428,7940.21191022422,30.62653165372103,0.34408054033387475,NEUTRO,TAKE_PROFIT
2026-04-14 05:45:00,2026-04-14 06:50:00,COMPRA,1.121,1.1250178571428573,7966.1665980663565,32.0069193672316,0.358417229514472,NEUTRO,TAKE_PROFIT
2026-04-14 06:55:00,2026-04-14 07:15:00,COMPRA,1.128,1.1238571428571427,7943.687349141185,-32.90956187501433,-0.3672745694022385,BULLISH,STOP_LOSS
2026-04-14 07:50:00,2026-04-14 08:00:00,COMPRA,1.122,1.119107142857143,7958.302358333326,-23.022231822320464,-0.2578304048892178,NEUTRO,STOP_LOSS
2026-04-14 09:15:00,2026-04-14 09:30:00,COMPRA,1.118,1.1155357142857143,7967.212992682279,-19.633489160538375,-0.22041911576795187,NEUTRO,STOP_LOSS
2026-04-14 10:00:00,2026-04-14 10:10:00,COMPRA,1.114,1.114,7979.077478560391,0.0,0.0,NEUTRO,MUDANCA_REGIME
2026-04-14 11:00:00,2026-04-14 11:30:00,COMPRA,1.119,1.1265,7943.424764178978,59.57568573134267,0.6702412868632746,BULLISH,TAKE_PROFIT
2026-04-14 11:45:00,2026-04-14 12:05:00,COMPRA,1.123,1.1159999999999999,7965.529129618034,-55.7587039073278,-0.623330365093517,BULLISH,STOP_LOSS
2026-04-14 12:30:00,2026-04-14 12:45:00,COMPRA,1.119,1.1278392857142856,7946.665276004549,70.24284485039607,0.7899272309459834,NEUTRO,TAKE_PROFIT
2026-04-14 17:15:00,2026-04-14 17:20:00,COMPRA,1.098,1.096,8159.4254521466,-16.318850904293868,-0.18214936247723876,NEUTRO,MUDANCA_REGIME
2026-04-14 19:15:00,2026-04-14 19:40:00,COMPRA,1.1,1.0964642857142857,8130.496580088989,-28.74711290817322,-0.3214285714285875,NEUTRO,STOP_LOSS
2026-04-14 20:35:00,2026-04-14 20:50:00,COMPRA,1.099,1.096,8113.045023507846,-24.33913507052239,-0.2729754322110881,NEUTRO,STOP_LOSS
2026-04-14 21:00:00,2026-04-14 21:25:00,COMPRA,1.1,1.0971071428571428,8084.649365925568,-23.38773566571399,-0.26298701298702126,NEUTRO,STOP_LOSS
2026-04-14 21:40:00,2026-04-14 22:10:00,COMPRA,1.099,1.1031785714285713,8071.788856811372,33.72854629453286,0.3802157805797436,NEUTRO,TAKE_PROFIT
2026-04-14 22:20:00,2026-04-14 22:35:00,COMPRA,1.105,1.1093392857142856,8056.957531778738,34.96144071825438,0.3926955397543657,NEUTRO,TAKE_PROFIT
2026-04-14 23:05:00,2026-04-14 23:30:00,COMPRA,1.11,1.106,8050.586884052113,-32.202347536209345,-0.3603603603603703,BULLISH,STOP_LOSS
2026-04-14 23:55:00,2026-04-15 00:35:00,COMPRA,1.107,1.1127857142857143,8044.768935084415,46.5447345529883,0.5226480836236923,BULLISH,TAKE_PROFIT
2026-04-15 00:45:00,2026-04-15 01:15:00,COMPRA,1.109,1.1145714285714285,8070.132289417302,44.96216561246729,0.5023830993172683,BULLISH,TAKE_PROFIT
2026-04-15 01:20:00,2026-04-15 01:55:00,COMPRA,1.114,1.1210714285714287,8072.253829708823,57.08236636722722,0.6347781482431453,BULLISH,TAKE_PROFIT
2026-04-15 02:05:00,2026-04-15 03:50:00,COMPRA,1.12,1.1132857142857144,8077.4276913790145,-54.23415735640083,-0.5994897959183548,BULLISH,STOP_LOSS
2026-04-15 04:55:00,2026-04-15 06:30:00,COMPRA,1.109,1.1160714285714286,8111.08797552382,57.35697925548993,0.6376400875950026,NEUTRO,TAKE_PROFIT
2026-04-15 06:35:00,2026-04-15 06:50:00,COMPRA,1.115,1.1111428571428572,8116.310040492046,-31.30576729903987,-0.3459320948110089,BULLISH,STOP_LOSS
2026-04-15 06:55:00,2026-04-15 07:30:00,COMPRA,1.114,1.1097142857142859,8096.898757822749,-34.700994676382834,-0.38471402923826203,BULLISH,STOP_LOSS
2026-04-15 07:40:00,2026-04-15 07:55:00,COMPRA,1.113,1.1098928571428572,8074.554601322533,-25.088794654107915,-0.2791682710820023,NEUTRO,STOP_LOSS
2026-04-15 08:10:00,2026-04-15 08:45:00,COMPRA,1.113,1.118142857142857,8053.140086568353,41.416149016637064,0.4620716211012687,NEUTRO,TAKE_PROFIT
2026-04-15 08:55:00,2026-04-15 11:15:00,COMPRA,1.117,1.1242857142857143,8059.5257456726795,58.71940186132997,0.6522573219081774,BULLISH,TAKE_PROFIT
2026-04-15 12:10:00,2026-04-15 13:35:00,COMPRA,1.126,1.1356428571428567,8044.6480370201125,77.57339178554867,0.8563816290281387,BULLISH,TAKE_PROFIT
2026-04-15 13:40:00,2026-04-15 14:45:00,COMPRA,1.133,1.142642857142857,8059.989772180862,77.72132994602907,0.8510906569158924,BULLISH,TAKE_PROFIT
2026-04-15 14:50:00,2026-04-15 17:00:00,COMPRA,1.145,1.1443214285714285,8040.003209894885,-5.455716463859062,-0.05926388022459867,BULLISH,STOP_LOSS
2026-04-15 17:50:00,2026-04-15 18:15:00,COMPRA,1.139,1.13525,8077.805745995591,-30.291771547483222,-0.32923617208076994,NEUTRO,STOP_LOSS
2026-04-15 18:35:00,2026-04-15 19:00:00,COMPRA,1.142,1.1463392857142856,8031.386656496384,34.85048138443926,0.3799724793595153,NEUTRO,TAKE_PROFIT
2026-04-15 19:10:00,2026-04-15 19:20:00,COMPRA,1.146,1.1417142857142857,8032.243908406707,-34.42390246459945,-0.373971578160052,BULLISH,STOP_LOSS
2026-04-15 20:45:00,2026-04-15 21:05:00,COMPRA,1.133,1.13,8095.541757892954,-24.28662527367851,-0.2647837599293872,NEUTRO,STOP_LOSS
2026-04-15 21:25:00,2026-04-15 22:05:00,COMPRA,1.131,1.1291071428571429,8089.457575316289,-15.312187553277909,-0.16736137425793304,NEUTRO,STOP_LOSS
2026-04-15 23:55:00,2026-04-16 01:55:00,COMPRA,1.134,1.1421428571428571,8055.229223551243,65.59258082034648,0.7180650037792966,BULLISH,TAKE_PROFIT
2026-04-16 02:00:00,2026-04-16 03:20:00,COMPRA,1.14,1.1375714285714285,8067.493764286349,-19.59248485612443,-0.21303258145363885,BULLISH,STOP_LOSS
2026-04-16 03:50:00,2026-04-16 04:20:00,COMPRA,1.138,1.143625,8065.316371417505,45.36740458922395,0.4942882249560686,NEUTRO,TAKE_PROFIT
2026-04-16 04:25:00,2026-04-16 05:55:00,COMPRA,1.14,1.1389285714285713,8088.972864063932,-8.666756640068343,-0.09398496240601335,BULLISH,STOP_LOSS
2026-04-16 06:15:00,2026-04-16 06:35:00,COMPRA,1.141,1.137357142857143,8074.667525175124,-29.41486027028077,-0.3192688118192058,NEUTRO,STOP_LOSS
2026-04-16 06:50:00,2026-04-16 07:15:00,COMPRA,1.138,1.1339285714285714,8071.398531606372,-32.86212259296917,-0.357770524730107,NEUTRO,STOP_LOSS
2026-04-16 08:15:00,2026-04-16 09:20:00,COMPRA,1.149,1.1597142857142857,7966.956059621174,85.36024349594118,0.9324878776575908,BULLISH,TAKE_PROFIT
2026-04-16 09:40:00,2026-04-16 10:10:00,COMPRA,1.156,1.1669285714285713,7988.862235143491,87.30685156978325,0.9453781512605132,BULLISH,TAKE_PROFIT
2026-04-16 10:30:00,2026-04-16 10:50:00,COMPRA,1.17,1.1605714285714286,7964.159190442025,-75.0906437955964,-0.8058608058608077,BULLISH,STOP_LOSS
2026-04-16 12:05:00,2026-04-16 12:35:00,COMPRA,1.149,1.1490357142857142,8047.6328470072685,0.28741545882076025,0.0031082929255152663,NEUTRO,STOP_LOSS
2026-04-16 12:40:00,2026-04-16 13:50:00,COMPRA,1.161,1.15125,7964.688359945935,-77.65571150947108,-0.8397932816537274,BULLISH,STOP_LOSS
2026-04-16 14:15:00,2026-04-16 15:30:00,COMPRA,1.156,1.1674107142857142,7935.320294085842,90.54767264144357,0.9870860108749357,NEUTRO,TAKE_PROFIT
2026-04-16 16:55:00,2026-04-16 17:00:00,COMPRA,1.179,1.18,7853.47798895047,7.853477988948725,0.08481764206953163,BULLISH,STOP_LOSS
2026-04-16 17:05:00,2026-04-16 17:30:00,COMPRA,1.182,1.1747142857142856,7839.857320695522,-57.11896047935443,-0.6163886874546918,BULLISH,STOP_LOSS
2026-04-16 18:35:00,2026-04-16 20:30:00,COMPRA,1.176,1.1840357142857143,7833.71457534585,62.949492123314485,0.6833090379008705,NEUTRO,TAKE_PROFIT
2026-04-16 20:40:00,2026-04-16 21:15:00,COMPRA,1.185,1.1916428571428572,7824.683846518033,51.978256980441074,0.560578661844483,BULLISH,TAKE_PROFIT
2026-04-16 21:25:00,2026-04-16 22:20:00,COMPRA,1.188,1.1804285714285714,7846.489648363037,-59.409135909034376,-0.6373256373256369,BULLISH,STOP_LOSS
2026-04-16 22:30:00,2026-04-16 22:45:00,COMPRA,1.187,1.1782857142857144,7805.552673244906,-68.01981615256227,-0.7341436996028351,BULLISH,STOP_LOSS
2026-04-16 23:35:00,2026-04-17 00:25:00,COMPRA,1.176,1.1688214285714285,7823.6158144530355,-56.162384953753644,-0.6104227405247976,NEUTRO,STOP_LOSS
2026-04-17 01:05:00,2026-04-17 01:35:00,COMPRA,1.169,1.1656785714285713,7824.822867485633,-25.989590238435994,-0.28412562629844074,NEUTRO,STOP_LOSS
2026-04-17 04:50:00,2026-04-17 06:25:00,COMPRA,1.168,1.17475,7810.383408702219,52.72008800874028,0.5779109589041129,NEUTRO,TAKE_PROFIT
2026-04-17 06:30:00,2026-04-17 07:25:00,COMPRA,1.171,1.1662499999999998,7833.14423994235,-37.20743513972775,-0.4056362083689327,BULLISH,STOP_LOSS
2026-04-17 07:50:00,2026-04-17 08:15:00,COMPRA,1.17,1.1777142857142857,7809.628069734832,60.245702252241244,0.6593406593406715,NEUTRO,TAKE_PROFIT
2026-04-17 09:15:00,2026-04-17 10:10:00,COMPRA,1.184,1.1945000000000001,7765.623529332249,81.53904705799141,0.8868243243243548,BULLISH,TAKE_PROFIT
2026-04-17 11:15:00,2026-04-17 12:00:00,COMPRA,1.212,1.20525,7650.132304813922,-51.638393057493886,-0.5569306930693061,BULLISH,STOP_LOSS
2026-04-17 13:05:00,2026-04-17 13:45:00,COMPRA,1.206,1.213875,7647.515655082799,60.22418578377801,0.6529850746268763,NEUTRO,TAKE_PROFIT
2026-04-17 14:00:00,2026-04-17 14:05:00,COMPRA,1.211,1.205,7663.184852621339,-45.97910911572944,-0.49545829892652216,BULLISH,STOP_LOSS
2026-04-17 15:35:00,2026-04-17 16:35:00,COMPRA,1.192,1.1995535714285714,7748.688509114515,58.530272131347374,0.6336888782358607,NEUTRO,TAKE_PROFIT
2026-04-17 16:40:00,2026-04-17 16:55:00,COMPRA,1.199,1.1944285714285716,7749.825238856781,-35.42777252048654,-0.381270106040731,BULLISH,STOP_LOSS
2026-04-17 17:50:00,2026-04-17 18:35:00,COMPRA,1.193,1.1905,7760.590173926922,-19.401475434819076,-0.2095557418273452,NEUTRO,STOP_LOSS
2026-04-17 23:50:00,2026-04-18 00:50:00,COMPRA,1.178,1.1764999999999999,7843.762882709458,-11.765644324064851,-0.12733446519525338,NEUTRO,STOP_LOSS
2026-04-18 01:20:00,2026-04-18 01:25:00,COMPRA,1.178,1.1732857142857143,7834.274459867469,-36.933008167945445,-0.40019403347076077,NEUTRO,STOP_LOSS
2026-04-18 02:20:00,2026-04-18 02:55:00,COMPRA,1.179,1.1863928571428572,7797.870191657616,57.648540345468064,0.6270447110141686,NEUTRO,TAKE_PROFIT
2026-04-18 04:00:00,2026-04-18 04:30:00,COMPRA,1.196,1.2067142857142856,7732.821964291408,82.85166390312224,0.8958432871476352,BULLISH,TAKE_PROFIT
2026-04-18 05:15:00,2026-04-18 05:30:00,COMPRA,1.223,1.209,7626.4629190519145,-106.77048086672585,-1.1447260834014614,BULLISH,STOP_LOSS
2026-04-18 06:25:00,2026-04-18 07:00:00,COMPRA,1.206,1.194,7649.860856697432,-91.79833028036956,-0.9950248756218947,NEUTRO,STOP_LOSS
2026-04-18 12:15:00,2026-04-18 12:20:00,COMPRA,1.163,1.157857142857143,7857.716061402193,-40.4111111729253,-0.4422061171846182,NEUTRO,STOP_LOSS
2026-04-18 17:50:00,2026-04-18 18:40:00,COMPRA,1.129,1.1338214285714285,8060.34829388527,38.86239355980251,0.42705301784130995,NEUTRO,TAKE_PROFIT
2026-04-18 18:50:00,2026-04-18 19:05:00,COMPRA,1.132,1.1287857142857143,8071.601146358908,-25.94443225615214,-0.28394750126197255,NEUTRO,STOP_LOSS
2026-04-18 19:15:00,2026-04-18 19:45:00,COMPRA,1.131,1.1363035714285714,8056.945435044155,42.730585610859634,0.4689276241000429,NEUTRO,TAKE_PROFIT
2026-04-18 19:50:00,2026-04-18 20:05:00,COMPRA,1.135,1.1321071428571428,8064.316602083926,-23.328915884600065,-0.25487728130900084,NEUTRO,STOP_LOSS
2026-04-19 00:30:00,2026-04-19 00:55:00,COMPRA,1.108,1.1022142857142858,8240.827502955672,-47.67907340995953,-0.5221763795771203,NEUTRO,STOP_LOSS
2026-04-19 01:10:00,2026-04-19 02:25:00,COMPRA,1.107,1.1142321428571427,8207.354790908243,59.35676232710284,0.6533101045296013,NEUTRO,TAKE_PROFIT
2026-04-19 03:55:00,2026-04-19 04:15:00,COMPRA,1.109,1.1047142857142858,8243.400070104753,-35.32885744330633,-0.3864485379363675,NEUTRO,STOP_LOSS
2026-04-19 05:50:00,2026-04-19 06:10:00,COMPRA,1.109,1.1041785714285715,8213.136396009946,-39.59905048076325,-0.43475460517842146,NEUTRO,STOP_LOSS
2026-04-19 09:15:00,2026-04-19 09:55:00,COMPRA,1.113,1.1129285714285713,8149.819555452206,-0.5821299682484096,-0.006417661404204417,NEUTRO,STOP_LOSS
2026-04-19 10:30:00,2026-04-19 10:55:00,COMPRA,1.123,1.117,8076.755246436749,-48.460531478620396,-0.5342831700801415,BULLISH,STOP_LOSS
2026-04-19 11:40:00,2026-04-19 12:15:00,COMPRA,1.121,1.1154285714285714,8050.096910654576,-44.850539930790546,-0.49700522492673205,BULLISH,STOP_LOSS
2026-04-19 17:25:00,2026-04-19 17:45:00,COMPRA,1.104,1.1005714285714285,8135.462521657181,-27.89301435996822,-0.31055900621118837,NEUTRO,STOP_LOSS
2026-04-19 17:50:00,2026-04-19 17:55:00,COMPRA,1.104,1.1001428571428573,8111.4603806771365,-31.28706146832519,-0.3493788819875675,NEUTRO,STOP_LOSS
2026-04-19 18:20:00,2026-04-19 18:45:00,COMPRA,1.104,1.109625,8084.537637565805,45.47552421130786,0.5095108695652195,NEUTRO,TAKE_PROFIT
2026-04-19 21:25:00,2026-04-19 22:00:00,COMPRA,1.094,1.099625,8197.926233887927,46.11333506561823,0.5141681901279554,NEUTRO,TAKE_PROFIT
2026-04-19 22:25:00,2026-04-19 22:30:00,COMPRA,1.095,1.0996607142857142,8230.446546288338,38.359759796094295,0.42563600782779354,NEUTRO,TAKE_PROFIT
2026-04-19 22:35:00,2026-04-19 23:00:00,COMPRA,1.098,1.0948928571428573,8241.148214928979,-25.606424810670433,-0.2829820452771079,NEUTRO,STOP_LOSS
2026-04-19 23:05:00,2026-04-19 23:55:00,COMPRA,1.098,1.102982142857143,8218.9932936447,40.94819873083543,0.45374707259951425,NEUTRO,TAKE_PROFIT
2026-04-20 01:35:00,2026-04-20 02:00:00,COMPRA,1.102,1.0985714285714288,8224.460458453881,-28.19815014326923,-0.3111226341716225,NEUTRO,STOP_LOSS
2026-04-20 03:40:00,2026-04-20 03:50:00,COMPRA,1.099,1.09525,8222.536107898153,-30.834510404618413,-0.34121929026388,NEUTRO,STOP_LOSS
2026-04-20 03:55:00,2026-04-20 04:20:00,COMPRA,1.097,1.1037857142857144,8210.824428163794,55.71630861968333,0.618570126318536,NEUTRO,STOP_LOSS
2026-04-20 04:30:00,2026-04-20 04:45:00,COMPRA,1.102,1.0967500000000001,8221.601534377842,-43.16340805548316,-0.47640653357531193,NEUTRO,STOP_LOSS
2026-04-20 04:55:00,2026-04-20 05:50:00,COMPRA,1.1,1.096,8199.272412028793,-32.79708964811471,-0.36363636363635843,NEUTRO,MUDANCA_REGIME
2026-04-20 06:15:00,2026-04-20 07:10:00,COMPRA,1.1,1.1054642857142858,8170.94765278724,44.64839253130231,0.4967532467532534,NEUTRO,TAKE_PROFIT
2026-04-20 07:20:00,2026-04-20 08:40:00,COMPRA,1.105,1.0997142857142856,8172.360534815115,-43.19676282687942,-0.478345184227532,BULLISH,STOP_LOSS
2026-04-20 09:10:00,2026-04-20 09:20:00,COMPRA,1.103,1.1079821428571428,8149.9741308115745,40.60433540172198,0.45169019557052237,NEUTRO,TAKE_PROFIT
2026-04-20 10:40:00,2026-04-20 11:50:00,COMPRA,1.105,1.102607142857143,8170.131751055929,-19.549958118597715,-0.21654815772462385,BULLISH,STOP_LOSS
2026-04-20 12:15:00,2026-04-20 13:00:00,COMPRA,1.104,1.1009642857142856,8160.7093520870785,-24.773581961693708,-0.2749741200828245,NEUTRO,STOP_LOSS
2026-04-20 13:40:00,2026-04-20 13:50:00,COMPRA,1.102,1.09975,8154.163540690131,-18.346867966552963,-0.20417422867513796,NEUTRO,STOP_LOSS
2026-04-20 14:05:00,2026-04-20 14:30:00,COMPRA,1.105,1.1024285714285713,8116.252214726064,-20.870362837868015,-0.2327084680025967,NEUTRO,STOP_LOSS
2026-04-20 14:45:00,2026-04-20 15:10:00,COMPRA,1.104,1.1106428571428573,8105.6447940002945,53.84464041728825,0.601708074534168,BULLISH,TAKE_PROFIT
2026-04-20 15:30:00,2026-04-20 18:00:00,COMPRA,1.112,1.1199285714285716,8093.331169939522,64.16855427594965,0.7130010277492357,BULLISH,TAKE_PROFIT
2026-04-20 18:10:00,2026-04-20 19:15:00,COMPRA,1.117,1.11325,8111.678055089437,-30.41879270658501,-0.33572068039390807,BULLISH,STOP_LOSS
2026-04-20 20:55:00,2026-04-20 21:05:00,COMPRA,1.107,1.105,8158.849624628407,-16.317699249257203,-0.18066847335140448,NEUTRO,STOP_LOSS
2026-04-20 21:20:00,2026-04-20 21:30:00,COMPRA,1.106,1.105,8152.210416073102,-8.152210416074013,-0.09041591320073342,NEUTRO,MUDANCA_REGIME
2026-04-20 21:50:00,2026-04-20 22:05:00,COMPRA,1.109,1.1139821428571428,8123.174139117747,40.47081401453397,0.44924642535103426,NEUTRO,TAKE_PROFIT
2026-04-20 22:15:00,2026-04-20 23:00:00,COMPRA,1.112,1.1077142857142859,8135.833987046212,-34.867859944482916,-0.3854059609455199,BULLISH,STOP_LOSS
2026-04-21 04:55:00,2026-04-21 05:45:00,COMPRA,1.102,1.1045357142857144,8179.603381713365,20.741137146487745,0.2301011148561089,NEUTRO,STOP_LOSS
2026-04-21 06:10:00,2026-04-21 06:30:00,COMPRA,1.103,1.101,8190.051683533357,-16.380103367066113,-0.18132366273798065,NEUTRO,MUDANCA_REGIME
2026-04-21 06:35:00,2026-04-21 07:40:00,COMPRA,1.103,1.1045,8175.943706925276,12.263915560388341,0.1359927470534952,NEUTRO,STOP_LOSS
2026-04-21 07:45:00,2026-04-21 07:50:00,COMPRA,1.106,1.109,8164.300749114782,24.4929022473425,0.27124773960214954,BULLISH,TAKE_PROFIT
2026-04-21 07:55:00,2026-04-21 08:05:00,COMPRA,1.107,1.1042857142857143,8177.94479282378,-22.197278723378986,-0.2451929281197591,BULLISH,STOP_LOSS
2026-04-21 08:15:00,2026-04-21 09:05:00,COMPRA,1.106,1.1043571428571428,8166.272577638982,-13.416019234693522,-0.1485404288297698,BULLISH,STOP_LOSS
2026-04-21 11:25:00,2026-04-21 11:40:00,COMPRA,1.103,1.1102321428571427,8176.9286061611565,59.13671581241397,0.6556793161507406,NEUTRO,TAKE_PROFIT
2026-04-21 11:45:00,2026-04-21 12:00:00,COMPRA,1.104,1.098857142857143,8220.409540414445,-42.27639192213246,-0.4658385093167815,NEUTRO,STOP_LOSS
2026-04-21 12:10:00,2026-04-21 13:55:00,COMPRA,1.104,1.1025714285714285,8184.030398814784,-11.691471998306952,-0.12939958592132633,NEUTRO,STOP_LOSS
2026-04-21 16:05:00,2026-04-21 16:25:00,COMPRA,1.1,1.104982142857143,8203.693328993755,40.87197212123647,0.45292207792207484,NEUTRO,TAKE_PROFIT
2026-04-21 17:15:00,2026-04-21 19:05:00,COMPRA,1.101,1.097,8231.50866067966,-32.92603464271997,-0.36330608537694475,NEUTRO,MUDANCA_REGIME
2026-04-21 20:15:00,2026-04-21 20:45:00,COMPRA,1.102,1.1061785714285715,8195.654539471616,34.2461278970768,0.37918071039667,NEUTRO,TAKE_PROFIT
2026-04-21 21:25:00,2026-04-21 22:10:00,COMPRA,1.108,1.1034285714285714,8180.636393501754,-37.39719494172277,-0.4125838060856163,BULLISH,STOP_LOSS
2026-04-21 22:50:00,2026-04-21 23:10:00,COMPRA,1.101,1.1046964285714285,8200.379463038427,30.31211694373087,0.335733748540283,NEUTRO,TAKE_PROFIT
2026-04-21 23:15:00,2026-04-21 23:50:00,COMPRA,1.111,1.1176428571428572,8152.4881187235405,54.15581393152206,0.5979169345506133,BULLISH,TAKE_PROFIT
2026-04-22 00:55:00,2026-04-22 02:15:00,COMPRA,1.119,1.12425,8140.18080709276,42.73594923723613,0.46916890080428003,BULLISH,STOP_LOSS
2026-04-22 02:50:00,2026-04-22 05:20:00,COMPRA,1.133,1.1251428571428572,8075.429368854522,-63.44980218385717,-0.6934812760055501,BULLISH,STOP_LOSS
2026-04-22 05:50:00,2026-04-22 06:50:00,COMPRA,1.128,1.1247857142857143,8057.787378402047,-25.90003085914941,-0.28495440729483257,NEUTRO,STOP_LOSS
2026-04-22 08:00:00,2026-04-22 08:05:00,COMPRA,1.122,1.1198571428571429,8078.947534332723,-17.312030430714003,-0.19098548510314345,NEUTRO,STOP_LOSS
2026-04-22 08:45:00,2026-04-22 08:55:00,COMPRA,1.121,1.1248571428571428,8071.483233373897,31.132863900154916,0.3440805403338685,NEUTRO,TAKE_PROFIT
2026-04-22 10:30:00,2026-04-22 12:30:00,COMPRA,1.119,1.1255892857142857,8112.340415833141,53.45452881147139,0.5888548448870103,NEUTRO,TAKE_PROFIT
2026-04-22 14:40:00,2026-04-22 14:55:00,COMPRA,1.125,1.1309999999999998,8114.213980167275,48.68528388100276,0.5333333333333236,BULLISH,TAKE_PROFIT
2026-04-22 15:00:00,2026-04-22 16:00:00,COMPRA,1.13,1.1252857142857142,8119.240484402776,-38.27641942646915,-0.4171934260429718,BULLISH,STOP_LOSS
2026-04-22 16:55:00,2026-04-22 17:10:00,COMPRA,1.12,1.116464285714286,8159.267097249991,-28.84883723670464,-0.31568877551019653,NEUTRO,STOP_LOSS
2026-04-22 18:35:00,2026-04-22 19:15:00,COMPRA,1.118,1.1158571428571429,8149.349511221037,-17.46289180976055,-0.1916687963199721,NEUTRO,STOP_LOSS
2026-04-23 02:45:00,2026-04-23 03:05:00,COMPRA,1.096,1.099375,8297.794713800957,28.005057159076387,0.30793795620435926,NEUTRO,TAKE_PROFIT
2026-04-23 03:10:00,2026-04-23 03:35:00,COMPRA,1.1,1.1035357142857143,8291.807100569973,29.317460819871485,0.3214285714285613,NEUTRO,TAKE_PROFIT
2026-04-23 03:55:00,2026-04-23 04:10:00,COMPRA,1.101,1.098642857142857,8309.572568942642,-19.58684962679399,-0.21409108602569774,NEUTRO,STOP_LOSS
2026-04-23 04:20:00,2026-04-23 04:30:00,COMPRA,1.101,1.0982142857142856,8292.672017493547,-23.101014905874763,-0.2530167380303607,NEUTRO,STOP_LOSS
2026-04-23 05:15:00,2026-04-23 05:25:00,COMPRA,1.101,1.0988571428571428,8272.739261671039,-17.727298417867132,-0.19462826002336223,NEUTRO,STOP_LOSS
2026-04-23 05:55:00,2026-04-23 06:05:00,COMPRA,1.101,1.0988571428571428,8257.443227613841,-17.694521202030955,-0.19462826002336964,NEUTRO,STOP_LOSS
2026-04-23 08:40:00,2026-04-23 08:50:00,COMPRA,1.094,1.0986607142857143,8294.913344114177,38.66022112167411,0.42602507182030874,NEUTRO,TAKE_PROFIT
2026-04-23 08:55:00,2026-04-23 09:45:00,COMPRA,1.096,1.0954642857142856,8313.286869093521,-4.453546537017246,-0.048879040667393216,NEUTRO,STOP_LOSS
2026-04-23 10:30:00,2026-04-23 11:00:00,COMPRA,1.098,1.0948928571428571,8294.291019413784,-25.771547096035647,-0.28298204527712684,NEUTRO,STOP_LOSS
2026-04-23 11:20:00,2026-04-23 12:15:00,COMPRA,1.1,1.1051428571428572,8256.953245068273,42.46433097463523,0.4675324675324498,NEUTRO,TAKE_PROFIT
2026-04-23 12:25:00,2026-04-23 13:15:00,COMPRA,1.106,1.1141428571428573,8248.634433997291,67.16745181969418,0.7362438646344828,BULLISH,TAKE_PROFIT
2026-04-23 13:20:00,2026-04-23 13:50:00,COMPRA,1.113,1.108,8254.086939110255,-41.27043469555065,-0.44923629829289524,BULLISH,STOP_LOSS
2026-04-23 19:15:00,2026-04-23 19:30:00,COMPRA,1.106,1.1021428571428573,8270.878707295606,-31.901960728138874,-0.3487470937742041,BULLISH,STOP_LOSS
2026-04-23 20:20:00,2026-04-23 21:05:00,COMPRA,1.102,1.1055357142857143,8273.398355333218,29.252372756354816,0.3208452164894785,NEUTRO,TAKE_PROFIT
2026-04-23 21:40:00,2026-04-23 22:05:00,COMPRA,1.107,1.1042857142857143,8261.133461333104,-22.4230765379034,-0.2451929281197493,BULLISH,STOP_LOSS
2026-04-23 22:45:00,2026-04-23 23:45:00,COMPRA,1.103,1.106375,8271.77952763802,27.917255905778802,0.3059836808703589,NEUTRO,TAKE_PROFIT
2026-04-24 02:35:00,2026-04-24 02:55:00,COMPRA,1.098,1.1010535714285716,8333.601286061226,25.447246784224262,0.27810304449650447,NEUTRO,TAKE_PROFIT
2026-04-24 03:00:00,2026-04-24 03:05:00,COMPRA,1.1,1.0980714285714286,8340.426451400219,-16.085108156274146,-0.1753246753247003,NEUTRO,STOP_LOSS
2026-04-24 03:55:00,2026-04-24 04:50:00,COMPRA,1.101,1.098642857142857,8318.972065205975,-19.609005582271493,-0.21409108602569388,NEUTRO,STOP_LOSS
2026-04-24 04:55:00,2026-04-24 05:00:00,COMPRA,1.101,1.0990714285714287,8302.05239644743,-16.011101050289653,-0.17516543402099996,NEUTRO,STOP_LOSS
2026-04-24 05:05:00,2026-04-24 05:15:00,COMPRA,1.102,1.1056964285714286,8280.716100263926,30.609075584901802,0.33542908996626924,NEUTRO,TAKE_PROFIT
2026-04-24 05:25:00,2026-04-24 06:05:00,COMPRA,1.105,1.1004285714285715,8284.55001293801,-37.87222863057286,-0.4137039431156979,BULLISH,STOP_LOSS
2026-04-24 06:25:00,2026-04-24 07:05:00,COMPRA,1.102,1.0982500000000002,8274.45476143145,-31.029205355367594,-0.34029038112522303,NEUTRO,STOP_LOSS
2026-04-24 07:15:00,2026-04-24 07:35:00,COMPRA,1.101,1.1048571428571428,8255.196550417675,31.84147240875427,0.35033086804204394,NEUTRO,TAKE_PROFIT
2026-04-24 08:45:00,2026-04-24 09:40:00,COMPRA,1.112,1.1110000000000002,8200.738130214188,-8.200738130213722,-0.08992805755395172,BULLISH,STOP_LOSS
2026-04-24 11:30:00,2026-04-24 12:05:00,COMPRA,1.11,1.1069285714285715,8208.495585202229,-25.21180786883633,-0.2767052767052867,NEUTRO,STOP_LOSS
2026-04-24 13:30:00,2026-04-24 14:35:00,COMPRA,1.127,1.1171428571428572,8063.424030256504,-79.48232258395547,-0.8746355685131031,BULLISH,STOP_LOSS
2026-04-24 15:20:00,2026-04-24 15:55:00,COMPRA,1.117,1.122625,8068.013138446125,45.3825739037602,0.5035810205908767,NEUTRO,TAKE_PROFIT
2026-04-24 16:00:00,2026-04-24 16:10:00,COMPRA,1.126,1.1205714285714286,8041.815382640225,-43.655569220047255,-0.4821111393047485,BULLISH,STOP_LOSS
2026-04-24 16:15:00,2026-04-24 16:50:00,COMPRA,1.121,1.1293571428571427,8040.688073232693,67.19717889772983,0.7455078373900794,BULLISH,TAKE_PROFIT
2026-04-24 17:15:00,2026-04-24 17:20:00,COMPRA,1.132,1.125857142857143,8018.947570712626,-49.25924936294905,-0.5426552246340239,BULLISH,STOP_LOSS
2026-04-24 17:35:00,2026-04-24 19:05:00,COMPRA,1.132,1.1319642857142858,7977.608094657147,-0.2849145748077717,-0.003154972236228684,BULLISH,STOP_LOSS
2026-04-24 19:15:00,2026-04-24 19:35:00,COMPRA,1.13,1.1252857142857142,7991.488225049401,-37.67415877523308,-0.4171934260429857,NEUTRO,STOP_LOSS
2026-04-24 20:05:00,2026-04-24 20:15:00,COMPRA,1.125,1.1307857142857143,7995.192216417201,46.25789782355605,0.5142857142857075,NEUTRO,TAKE_PROFIT
2026-04-24 20:20:00,2026-04-24 20:50:00,COMPRA,1.129,1.1351071428571429,8005.789412224738,48.89249962465874,0.5409338225990188,NEUTRO,TAKE_PROFIT
2026-04-24 20:55:00,2026-04-24 21:10:00,COMPRA,1.134,1.1281428571428571,8011.449842191496,-46.92420621854944,-0.5165028974552702,BULLISH,STOP_LOSS
2026-04-24 21:20:00,2026-04-24 22:05:00,COMPRA,1.132,1.1414285714285712,7986.224492170966,75.29868806903869,0.8329126703684804,BULLISH,TAKE_PROFIT
2026-04-25 00:55:00,2026-04-25 01:10:00,COMPRA,1.212,1.2405000000000002,7518.102210233597,214.2659129916592,2.35148514851487,BULLISH,TAKE_PROFIT
2026-04-25 01:45:00,2026-04-25 02:25:00,COMPRA,1.254,1.3142142857142858,7428.622405219455,447.30919197142975,4.8017771701982355,BULLISH,TAKE_PROFIT
2026-04-25 04:20:00,2026-04-25 05:25:00,COMPRA,1.429,1.5395714285714288,6816.260481818093,753.6836589896029,7.737678696391108,BULLISH,TAKE_PROFIT
2026-04-25 06:30:00,2026-04-25 07:05:00,COMPRA,1.593,1.7153571428571428,6563.989770595215,803.1510340735422,7.680925477535638,BULLISH,TAKE_PROFIT
2026-04-25 07:15:00,2026-04-25 08:45:00,COMPRA,1.687,1.6192499999999999,6650.521154077085,-450.5728081887228,-4.016004742145824,BULLISH,STOP_LOSS
2026-04-25 10:10:00,2026-04-25 11:00:00,COMPRA,1.556,1.49675,6935.33741590537,-410.9187418923939,-3.8078406169665873,NEUTRO,STOP_LOSS
2026-04-25 12:15:00,2026-04-25 13:00:00,COMPRA,1.552,1.4987142857142859,6701.683127803467,-357.10397238152655,-3.433357879234158,BULLISH,STOP_LOSS
2026-04-25 13:35:00,2026-04-25 14:00:00,COMPRA,1.519,1.487607142857143,6623.939065561904,-207.9443728081751,-2.0666792062447064,NEUTRO,STOP_LOSS
2026-04-25 14:05:00,2026-04-25 14:15:00,COMPRA,1.507,1.553928571428571,6545.598066636208,307.1755664128541,3.114039245426084,NEUTRO,TAKE_PROFIT
2026-04-25 14:20:00,2026-04-25 14:30:00,COMPRA,1.566,1.5250000000000001,6485.334019484659,-265.89869479887057,-2.618135376756062,BULLISH,STOP_LOSS
2026-04-25 14:35:00,2026-04-25 17:40:00,COMPRA,1.541,1.4922857142857142,6426.625122942278,-313.06845241761766,-3.161212570686948,BULLISH,STOP_LOSS
2026-04-25 17:45:00,2026-04-25 18:35:00,COMPRA,1.523,1.5580357142857142,6307.297626170265,220.98067754546537,2.3004408592064536,NEUTRO,TAKE_PROFIT
2026-04-25 18:45:00,2026-04-25 19:50:00,COMPRA,1.562,1.616,6284.216343358198,339.3476825413436,3.4571062740076917,BULLISH,TAKE_PROFIT
2026-04-25 20:05:00,2026-04-25 20:50:00,COMPRA,1.616,1.5732857142857144,6273.716724467686,-267.9773286594045,-2.6432107496463844,BULLISH,STOP_LOSS
2026-04-25 21:20:00,2026-04-25 21:25:00,COMPRA,1.583,1.5453928571428572,6243.681468422835,-234.80702093747277,-2.3756881147910813,NEUTRO,STOP_LOSS
2026-04-26 03:45:00,2026-04-26 04:15:00,COMPRA,1.412,1.3992499999999999,6841.842135001947,-87.23348722127594,-0.9029745042493034,NEUTRO,STOP_LOSS
2026-04-26 05:25:00,2026-04-26 05:45:00,COMPRA,1.413,1.40175,6778.350517878653,-76.2564433261341,-0.7961783439490367,NEUTRO,STOP_LOSS
2026-04-26 07:00:00,2026-04-26 07:40:00,COMPRA,1.411,1.4007142857142858,6736.616343446285,-69.29091096116099,-0.728966285309296,NEUTRO,STOP_LOSS
2026-04-26 07:50:00,2026-04-26 08:10:00,COMPRA,1.404,1.399,6723.318586317383,-33.61659293158482,-0.35612535612533397,NEUTRO,MUDANCA_REGIME
2026-04-26 08:50:00,2026-04-26 09:00:00,COMPRA,1.407,1.399,6686.285381595309,-53.49028305276261,-0.5685856432125103,NEUTRO,MUDANCA_REGIME
2026-04-26 09:35:00,2026-04-26 09:45:00,COMPRA,1.414,1.4036071428571428,6617.247357146022,-68.77210646176718,-0.7349969690846592,NEUTRO,STOP_LOSS
2026-04-26 10:35:00,2026-04-26 10:45:00,COMPRA,1.433,1.4125357142857142,6483.917838008231,-132.688747184955,-1.428072973781287,NEUTRO,STOP_LOSS
2026-04-26 11:55:00,2026-04-26 12:20:00,COMPRA,1.412,1.404,6491.076453286182,-51.92861162628833,-0.5665722379603276,NEUTRO,MUDANCA_REGIME
2026-04-26 12:40:00,2026-04-26 13:05:00,COMPRA,1.41,1.4249464285714284,6465.296291485898,96.63308921381577,1.0600303951367753,NEUTRO,TAKE_PROFIT
2026-04-26 13:10:00,2026-04-26 13:35:00,COMPRA,1.416,1.4095,6502.732489935198,-42.267761184579285,-0.45903954802260427,NEUTRO,STOP_LOSS
2026-04-26 16:40:00,2026-04-26 17:25:00,COMPRA,1.41,1.4238214285714286,6501.925413207724,89.86589767540681,0.9802431610942255,NEUTRO,TAKE_PROFIT
2026-04-26 17:50:00,2026-04-26 18:00:00,COMPRA,1.426,1.4420714285714284,6488.841118804016,104.28494655220675,1.127028651572824,BULLISH,TAKE_PROFIT
2026-04-26 18:15:00,2026-04-26 18:25:00,COMPRA,1.444,1.4287142857142856,6476.563805151747,-98.99890387874984,-1.0585674713098718,BULLISH,STOP_LOSS
2026-04-26 18:45:00,2026-04-26 19:00:00,COMPRA,1.432,1.459642857142857,6465.16003907424,178.71549536583734,1.9303671189145988,BULLISH,TAKE_PROFIT
2026-04-26 19:45:00,2026-04-26 20:10:00,COMPRA,1.446,1.4247142857142856,6519.9784900081995,-138.78239928731819,-1.4720410985971237,BULLISH,STOP_LOSS
2026-04-26 22:20:00,2026-04-26 22:40:00,COMPRA,1.434,1.4613214285714284,6482.598059434382,177.1138398381172,1.9052600119545646,NEUTRO,TAKE_PROFIT
2026-04-26 22:50:00,2026-04-26 23:30:00,COMPRA,1.447,1.4208571428571428,6540.638400190128,-170.9909753192569,-1.8066936518906185,BULLISH,STOP_LOSS
2026-04-27 01:45:00,2026-04-27 01:55:00,COMPRA,1.421,1.411357142857143,6545.997423308811,-63.1221180104767,-0.6785965617774081,NEUTRO,STOP_LOSS
2026-04-27 02:00:00,2026-04-27 02:15:00,COMPRA,1.421,1.4116785714285713,6503.79755553263,-60.62468435692972,-0.6559766763848457,NEUTRO,STOP_LOSS
2026-04-27 06:50:00,2026-04-27 07:00:00,COMPRA,1.373,1.3647500000000001,6689.222779514045,-55.18608793098974,-0.6008739985433234,NEUTRO,STOP_LOSS
2026-04-27 08:50:00,2026-04-27 09:10:00,COMPRA,1.373,1.3871428571428572,6651.038669146646,94.0646897493607,1.0300697117885864,NEUTRO,TAKE_PROFIT
2026-04-27 09:25:00,2026-04-27 10:00:00,COMPRA,1.384,1.4005535714285713,6662.743893063755,110.29220694410833,1.1960672997522641,NEUTRO,TAKE_PROFIT
2026-04-27 10:40:00,2026-04-27 10:45:00,COMPRA,1.428,1.4017142857142855,6530.822930390154,-171.66734559882934,-1.8407362945178332,BULLISH,STOP_LOSS
2026-04-27 11:00:00,2026-04-27 12:20:00,COMPRA,1.41,1.4163214285714287,6498.532742041314,41.08001054790475,0.44832826747721155,BULLISH,STOP_LOSS
2026-04-27 12:55:00,2026-04-27 14:10:00,COMPRA,1.412,1.4402857142857142,6516.9668387385,184.33706201003224,2.0032375556454918,NEUTRO,TAKE_PROFIT
2026-04-27 15:15:00,2026-04-27 17:00:00,COMPRA,1.458,1.4265714285714286,6431.465970650407,-202.13178764901204,-2.1555947481873328,BULLISH,STOP_LOSS
2026-04-27 17:15:00,2026-04-27 18:20:00,COMPRA,1.447,1.4329642857142857,6347.651822350886,-89.09382736371117,-0.9699871655642271,NEUTRO,STOP_LOSS
2026-04-27 19:00:00,2026-04-27 19:30:00,COMPRA,1.432,1.4453392857142857,6355.037046750143,84.77165489147046,0.9315143655227432,NEUTRO,TAKE_PROFIT
2026-04-27 19:35:00,2026-04-27 21:30:00,COMPRA,1.442,1.4345,6366.814232380792,-47.75110674285497,-0.5201109570041503,BULLISH,STOP_LOSS
2026-04-27 22:40:00,2026-04-27 23:05:00,COMPRA,1.435,1.4520357142857143,6366.259631837902,108.45378015666756,1.1871577899452512,NEUTRO,TAKE_PROFIT
2026-04-27 23:20:00,2026-04-28 00:35:00,COMPRA,1.476,1.533,6259.22334880503,356.77573088188547,3.861788617886166,BULLISH,TAKE_PROFIT
2026-04-28 00:55:00,2026-04-28 01:20:00,COMPRA,1.518,1.4825714285714287,6309.321875608706,-223.5302607358517,-2.333897986071903,BULLISH,STOP_LOSS
2026-04-28 03:00:00,2026-04-28 03:30:00,COMPRA,1.461,1.4506071428571428,6410.127898340147,-66.61954351489476,-0.7113523027280996,NEUTRO,STOP_LOSS
2026-04-28 03:50:00,2026-04-28 04:15:00,COMPRA,1.45,1.435,6415.109167679867,-96.22663751519758,-1.034482758620685,NEUTRO,STOP_LOSS
2026-04-28 04:30:00,2026-04-28 04:45:00,COMPRA,1.445,1.435,6374.043589962885,-63.74043589963003,-0.6920415224913623,NEUTRO,MUDANCA_REGIME
2026-04-28 07:40:00,2026-04-28 08:15:00,COMPRA,1.429,1.423,6403.036790337103,-38.41822074202173,-0.4198740377886537,NEUTRO,MUDANCA_REGIME
2026-04-28 09:25:00,2026-04-28 10:15:00,COMPRA,1.43,1.4217857142857142,6373.036548032728,-52.34994307312627,-0.5744255744255776,NEUTRO,STOP_LOSS
2026-04-28 13:00:00,2026-04-28 13:25:00,COMPRA,1.424,1.4357321428571428,6364.964759668068,74.67467584110454,0.8238864365970978,NEUTRO,TAKE_PROFIT
2026-04-28 15:05:00,2026-04-28 16:30:00,COMPRA,1.471,1.4969285714285714,6209.823766020651,161.0118590761067,1.7626493153345615,BULLISH,TAKE_PROFIT
2026-04-28 17:35:00,2026-04-28 18:35:00,COMPRA,1.488,1.5130714285714284,6241.674748614705,156.4877026259819,1.6849078341013715,BULLISH,TAKE_PROFIT
2026-04-28 18:50:00,2026-04-28 19:45:00,COMPRA,1.51,1.5438571428571428,6249.188969161168,211.57968367017202,2.242194891201525,BULLISH,TAKE_PROFIT
2026-04-28 19:55:00,2026-04-28 20:05:00,COMPRA,1.538,1.5185714285714287,6266.1092606762195,-121.74155135028013,-1.263236113691243,BULLISH,STOP_LOSS
2026-04-28 20:40:00,2026-04-28 21:15:00,COMPRA,1.507,1.4864285714285712,6318.262487815037,-129.97568546362345,-1.365058299364867,NEUTRO,STOP_LOSS
2026-04-28 22:00:00,2026-04-28 22:10:00,COMPRA,1.492,1.4751785714285715,6299.024576371863,-105.95859198111248,-1.1274415932592885,NEUTRO,STOP_LOSS
2026-04-28 22:55:00,2026-04-28 23:50:00,COMPRA,1.473,1.472607142857143,6311.937546208256,-2.4796897502965294,-0.026670546018819467,NEUTRO,STOP_LOSS
2026-04-29 01:05:00,2026-04-29 03:05:00,COMPRA,1.517,1.5052499999999998,6127.309360779156,-71.99588498915728,-0.7745550428477493,BULLISH,STOP_LOSS
2026-04-29 10:15:00,2026-04-29 10:25:00,COMPRA,1.431,1.42425,6447.751369365675,-43.52232174321762,-0.4716981132075397,NEUTRO,STOP_LOSS
2026-04-29 17:10:00,2026-04-29 17:55:00,COMPRA,1.389,1.3891071428571429,6612.948886901529,0.7085302378818596,0.007713668620791184,NEUTRO,STOP_LOSS
2026-04-29 19:15:00,2026-04-29 19:40:00,COMPRA,1.399,1.3932142857142857,6566.160906098792,-37.9899309567154,-0.4135607066271931,NEUTRO,STOP_LOSS
2026-04-29 19:45:00,2026-04-29 20:20:00,COMPRA,1.397,1.3921785714285715,6549.727038814124,-31.579041079996387,-0.34512731363124755,NEUTRO,STOP_LOSS
2026-04-29 21:10:00,2026-04-29 22:00:00,COMPRA,1.397,1.4055178571428573,6528.252386683847,55.60672122228971,0.6097249207485483,NEUTRO,TAKE_PROFIT
2026-04-29 22:05:00,2026-04-29 22:15:00,COMPRA,1.406,1.3987142857142856,6524.036251321843,-47.53226411677315,-0.5181873602926205,NEUTRO,STOP_LOSS
2026-04-29 22:25:00,2026-04-29 23:30:00,COMPRA,1.402,1.402392857142857,6510.441739263607,2.55767354042473,0.028021194212346875,NEUTRO,STOP_LOSS
2026-04-30 03:05:00,2026-04-30 03:25:00,COMPRA,1.391,1.3854285714285715,6563.6729750618115,-36.569035146772876,-0.4005340453938576,NEUTRO,STOP_LOSS
2026-04-30 03:50:00,2026-04-30 05:10:00,COMPRA,1.398,1.3952499999999999,6505.957457025425,-17.891383006819524,-0.19670958512159795,NEUTRO,STOP_LOSS
2026-04-30 07:10:00,2026-04-30 07:55:00,COMPRA,1.393,1.391,6517.108191719358,-13.034216383439343,-0.14357501794688415,NEUTRO,STOP_LOSS
2026-04-30 14:35:00,2026-04-30 15:10:00,COMPRA,1.359,1.3532142857142857,6671.0443013250915,-38.59675631480968,-0.4257332071901633,NEUTRO,STOP_LOSS
2026-04-30 16:55:00,2026-04-30 17:30:00,COMPRA,1.357,1.3533571428571427,6653.855775240774,-24.239046038377637,-0.2684493104537379,NEUTRO,STOP_LOSS
2026-04-30 19:25:00,2026-04-30 19:30:00,COMPRA,1.355,1.3593392857142856,6646.682799457765,28.841855719076193,0.32024248813917305,NEUTRO,TAKE_PROFIT
2026-04-30 19:35:00,2026-04-30 19:45:00,COMPRA,1.357,1.3531428571428572,6657.078081207364,-25.67730117037172,-0.28424044636278006,NEUTRO,STOP_LOSS
2026-04-30 20:30:00,2026-04-30 20:50:00,COMPRA,1.357,1.3646071428571427,6639.102078177259,50.504597951847245,0.5605853247710154,NEUTRO,STOP_LOSS
2026-04-30 21:00:00,2026-04-30 21:15:00,COMPRA,1.363,1.3718392857142858,6645.077687557444,58.73774027394575,0.6485169269468664,NEUTRO,TAKE_PROFIT
2026-04-30 21:20:00,2026-04-30 21:55:00,COMPRA,1.367,1.3595,6666.453358742534,-49.998400190570464,-0.548646671543542,NEUTRO,STOP_LOSS
2026-04-30 22:00:00,2026-04-30 23:00:00,COMPRA,1.368,1.3816607142857145,6626.859109078949,90.52762890081249,0.9985902255639301,NEUTRO,TAKE_PROFIT
2026-04-30 23:20:00,2026-04-30 23:55:00,COMPRA,1.377,1.3894285714285712,6646.001821841521,82.60030835717225,0.9025832555244218,BULLISH,TAKE_PROFIT
